{"nodes": [{"group": 1, "name": "#\u76f8\u4e92\u30d5\u30a9\u30ed\u30fc"}, {"group": 1, "name": "#sougofollow"}, {"group": 1, "name": "#\u72ac"}, {"group": 1, "name": "#\u3044\u306c"}, {"group": 1, "name": "#taiwan"}, {"group": 1, "name": "#\u53f0\u6e7e"}, {"group": 1, "name": "#Jobs"}, {"group": 1, "name": "#Accounting"}, {"group": 1, "name": "#Job"}, {"group": 1, "name": "#\u30a4\u30cc"}, {"group": 1, "name": "#f12"}, {"group": 1, "name": "#ferrari"}, {"group": 1, "name": "#\ub300\ub9cc"}, {"group": 1, "name": "#\ud2f4\ud0d1"}, {"group": 1, "name": "#Tri"}, {"group": 1, "name": "#Ecuador"}, {"group": 1, "name": "#Brasil2014"}, {"group": 1, "name": "#TweetMyJobs"}, {"group": 1, "name": "#takeshima"}, {"group": 1, "name": "#\u7af9\u5cf6"}, {"group": 1, "name": "#\u9818\u571f"}, {"group": 1, "name": "#dog"}, {"group": 1, "name": "#Vietnam"}, {"group": 1, "name": "#Taiwan"}, {"group": 1, "name": "#\ub9e5\uc8fc"}, {"group": 1, "name": "#beer"}, {"group": 1, "name": "#legocity"}, {"group": 1, "name": "#lego"}, {"group": 1, "name": "#Philippine"}, {"group": 1, "name": "#Indonesia"}, {"group": 1, "name": "#India"}, {"group": 1, "name": "#\u30cd\u30b3"}, {"group": 1, "name": "#\u732b"}, {"group": 1, "name": "#\u306d\u3053"}, {"group": 1, "name": "#healthy"}, {"group": 1, "name": "#food"}], "links": [{"source": 0, "target": 1, "value": 21}, {"source": 1, "target": 0, "value": 21}, {"source": 2, "target": 3, "value": 16}, {"source": 3, "target": 2, "value": 16}, {"source": 4, "target": 0, "value": 12}, {"source": 0, "target": 4, "value": 12}, {"source": 1, "target": 4, "value": 12}, {"source": 4, "target": 1, "value": 12}, {"source": 5, "target": 4, "value": 11}, {"source": 4, "target": 5, "value": 11}, {"source": 5, "target": 1, "value": 11}, {"source": 5, "target": 0, "value": 11}, {"source": 6, "target": 7, "value": 11}, {"source": 7, "target": 6, "value": 11}, {"source": 0, "target": 5, "value": 11}, {"source": 1, "target": 5, "value": 11}, {"source": 7, "target": 8, "value": 10}, {"source": 8, "target": 7, "value": 10}, {"source": 2, "target": 9, "value": 9}, {"source": 3, "target": 9, "value": 9}, {"source": 9, "target": 3, "value": 9}, {"source": 9, "target": 2, "value": 9}, {"source": 10, "target": 11, "value": 8}, {"source": 11, "target": 10, "value": 8}, {"source": 12, "target": 13, "value": 8}, {"source": 14, "target": 15, "value": 8}, {"source": 13, "target": 12, "value": 8}, {"source": 15, "target": 14, "value": 8}, {"source": 14, "target": 16, "value": 8}, {"source": 16, "target": 15, "value": 8}, {"source": 16, "target": 14, "value": 8}, {"source": 15, "target": 16, "value": 8}, {"source": 8, "target": 6, "value": 8}, {"source": 6, "target": 8, "value": 8}, {"source": 17, "target": 6, "value": 7}, {"source": 6, "target": 17, "value": 7}, {"source": 7, "target": 17, "value": 7}, {"source": 17, "target": 7, "value": 7}, {"source": 18, "target": 19, "value": 7}, {"source": 19, "target": 18, "value": 7}, {"source": 20, "target": 0, "value": 6}, {"source": 0, "target": 20, "value": 6}, {"source": 18, "target": 0, "value": 6}, {"source": 0, "target": 18, "value": 6}, {"source": 20, "target": 18, "value": 6}, {"source": 19, "target": 1, "value": 6}, {"source": 1, "target": 19, "value": 6}, {"source": 18, "target": 1, "value": 6}, {"source": 1, "target": 18, "value": 6}, {"source": 1, "target": 20, "value": 6}, {"source": 20, "target": 1, "value": 6}, {"source": 21, "target": 3, "value": 6}, {"source": 19, "target": 20, "value": 6}, {"source": 0, "target": 19, "value": 6}, {"source": 19, "target": 0, "value": 6}, {"source": 18, "target": 20, "value": 6}, {"source": 20, "target": 19, "value": 6}, {"source": 3, "target": 21, "value": 6}, {"source": 21, "target": 2, "value": 6}, {"source": 2, "target": 21, "value": 6}, {"source": 21, "target": 9, "value": 6}, {"source": 9, "target": 21, "value": 6}, {"source": 22, "target": 23, "value": 6}, {"source": 23, "target": 22, "value": 6}, {"source": 24, "target": 25, "value": 6}, {"source": 26, "target": 27, "value": 6}, {"source": 28, "target": 23, "value": 6}, {"source": 23, "target": 28, "value": 6}, {"source": 27, "target": 26, "value": 6}, {"source": 25, "target": 24, "value": 6}, {"source": 28, "target": 22, "value": 6}, {"source": 29, "target": 23, "value": 6}, {"source": 28, "target": 29, "value": 6}, {"source": 23, "target": 29, "value": 6}, {"source": 29, "target": 28, "value": 6}, {"source": 22, "target": 28, "value": 6}, {"source": 30, "target": 28, "value": 5}, {"source": 31, "target": 3, "value": 5}, {"source": 28, "target": 30, "value": 5}, {"source": 22, "target": 29, "value": 5}, {"source": 3, "target": 31, "value": 5}, {"source": 29, "target": 22, "value": 5}, {"source": 9, "target": 32, "value": 5}, {"source": 31, "target": 2, "value": 5}, {"source": 32, "target": 33, "value": 5}, {"source": 34, "target": 35, "value": 5}, {"source": 2, "target": 32, "value": 5}, {"source": 9, "target": 31, "value": 5}, {"source": 3, "target": 33, "value": 5}, {"source": 2, "target": 33, "value": 5}, {"source": 33, "target": 32, "value": 5}, {"source": 32, "target": 3, "value": 5}, {"source": 31, "target": 9, "value": 5}, {"source": 32, "target": 31, "value": 5}, {"source": 2, "target": 31, "value": 5}, {"source": 3, "target": 32, "value": 5}, {"source": 31, "target": 33, "value": 5}, {"source": 35, "target": 34, "value": 5}, {"source": 33, "target": 9, "value": 5}, {"source": 32, "target": 2, "value": 5}]}